ecosystem,threshold_years,measure,outcome,coefficient,ci_lower,ci_upper,p_value,n
cross-ecosystem,1,frac_young_libraries_z,FWCI,0.1581625900438922,0.09356719450041161,0.22275798558737275,1.6799411541370423e-6,2199
cross-ecosystem,1,has_any_young_library,FWCI,0.27458923983328976,0.11533373597047358,0.43384474369610593,0.0007342329592817502,2199
py,1,frac_young_libraries_z,FWCI,0.11200197413003028,0.10078756502953128,0.12321638323052929,4.422442195580868e-85,65276
py,1,has_any_young_library,FWCI,0.1918447608083281,0.16010965819028788,0.22357986342636832,2.362672914891661e-32,65276
r,1,frac_young_libraries_z,FWCI,0.1550388837942578,0.12249461359335403,0.18758315399516154,1.2386324807841799e-20,8136
r,1,has_any_young_library,FWCI,0.3266338595285665,0.24425039026044676,0.40901732879668623,8.668746396554375e-15,8136
cross-ecosystem,2,frac_young_libraries_z,FWCI,0.18524699547738718,0.11545251357179613,0.2550414773829782,2.121075933885335e-7,2199
cross-ecosystem,2,has_any_young_library,FWCI,0.18837546925551327,0.0533383152156868,0.3234126232953397,0.006276066056326751,2199
py,2,frac_young_libraries_z,FWCI,0.1121020525201657,0.10014229381815432,0.12406181122217708,3.4338154736240684e-75,65276
py,2,has_any_young_library,FWCI,0.10346979894744371,0.07718236911168871,0.1297572287831987,1.2293411859820403e-14,65276
r,2,frac_young_libraries_z,FWCI,0.1995954089283176,0.16398705166663585,0.23520376618999933,6.867983811651355e-28,8136
r,2,has_any_young_library,FWCI,0.22808731487435205,0.1547285230068633,0.3014461067418408,1.145450147457046e-9,8136
cross-ecosystem,3,frac_young_libraries_z,FWCI,0.22077537080784992,0.14362180360967414,0.2979289380060257,2.2588051140758042e-8,2199
cross-ecosystem,3,has_any_young_library,FWCI,0.03271205645040553,-0.09499606147996084,0.1604201743807719,0.6154954747430574,2199
py,3,frac_young_libraries_z,FWCI,0.12923764186011552,0.11649745847834748,0.14197782524188354,1.0516898348042487e-87,65276
py,3,has_any_young_library,FWCI,0.09526228703630965,0.07067179386605729,0.11985278020656201,3.168731642525183e-14,65276
r,3,frac_young_libraries_z,FWCI,0.24844904812598664,0.20908432074566458,0.2878137755063087,7.6105294361882e-35,8136
r,3,has_any_young_library,FWCI,0.07571744354763876,0.006353504881805916,0.1450813822134716,0.032399911508376726,8136
cross-ecosystem,4,frac_young_libraries_z,FWCI,0.2833180012619796,0.19513199021903316,0.371504012304926,3.579145179002936e-10,2199
cross-ecosystem,4,has_any_young_library,FWCI,0.00417733504992698,-0.13046473596079577,0.13881940606064974,0.9514902522482157,2199
py,4,frac_young_libraries_z,FWCI,0.14933603332988127,0.13579365181522884,0.1628784148445337,3.0898897644237265e-103,65276
py,4,has_any_young_library,FWCI,0.06267526588630364,0.03804316898468513,0.08730736278792214,6.143875982728304e-7,65276
r,4,frac_young_libraries_z,FWCI,0.2641055461339155,0.22000764826704988,0.30820344400078115,1.4263816321267383e-31,8136
r,4,has_any_young_library,FWCI,-0.008043520463505345,-0.07808851175806462,0.06200147083105394,0.8219045787611442,8136
cross-ecosystem,5,frac_young_libraries_z,FWCI,0.33370996009305465,0.2327860604804492,0.4346338597056601,1.0980992531670576e-10,2199
cross-ecosystem,5,has_any_young_library,FWCI,-0.03863284792209849,-0.18486771076680797,0.10760201492261097,0.6044572885711803,2199
py,5,frac_young_libraries_z,FWCI,0.19611207242124773,0.181763841819941,0.21046030302255445,3.064964183323639e-157,65276
py,5,has_any_young_library,FWCI,0.09941945818624509,0.07362039797981079,0.1252185183926794,4.306244214068745e-14,65276
r,5,frac_young_libraries_z,FWCI,0.22636306728508881,0.17747031381685086,0.2752558207533268,1.398261989532036e-19,8136
r,5,has_any_young_library,FWCI,-0.10710120409279922,-0.18128961827794488,-0.03291278990765356,0.0046676779889351,8136
cross-ecosystem,6,frac_young_libraries_z,FWCI,0.3807856868583399,0.2675629404344437,0.49400843328223615,5.3024750414240836e-11,2199
cross-ecosystem,6,has_any_young_library,FWCI,-0.13102256134205556,-0.3051125190573803,0.04306739637326917,0.14011127135298218,2199
py,6,frac_young_libraries_z,FWCI,0.2248321487997035,0.20964334573646964,0.24002095186293737,6.714270643204964e-184,65276
py,6,has_any_young_library,FWCI,0.12223839289474943,0.09462189029081465,0.1498548954986842,4.209596679464546e-18,65276
r,6,frac_young_libraries_z,FWCI,0.14350342399505148,0.09255544743041215,0.1944514005596908,3.467038012756609e-8,8136
r,6,has_any_young_library,FWCI,-0.14370178094825561,-0.22563483156420344,-0.0617687303323078,0.0005887953755155801,8136
cross-ecosystem,7,frac_young_libraries_z,FWCI,0.33526778487822895,0.2127840272625972,0.4577515424938607,8.8082587662313e-8,2199
cross-ecosystem,7,has_any_young_library,FWCI,-0.03301558425648635,-0.2531530638285312,0.1871218953155585,0.76870005750585,2199
py,7,frac_young_libraries_z,FWCI,0.23968082956083145,0.22366189118935498,0.2556997679323079,8.025926856586746e-188,65276
py,7,has_any_young_library,FWCI,0.09495533731288713,0.0647628798318286,0.12514779479394567,7.125138258209484e-10,65276
r,7,frac_young_libraries_z,FWCI,0.01472287000627872,-0.034572791058821585,0.06401853107137903,0.55825532840176,8136
r,7,has_any_young_library,FWCI,-0.16781511059391216,-0.26443893179735173,-0.07119128939047259,0.0006659374087956168,8136
cross-ecosystem,8,frac_young_libraries_z,FWCI,0.22465609638596418,0.09867660628469355,0.3506355864872348,0.0004797325381513143,2199
cross-ecosystem,8,has_any_young_library,FWCI,0.11414913593359574,-0.19881069171289742,0.4271089635800889,0.47451637836854327,2199
py,8,frac_young_libraries_z,FWCI,0.2787736802513239,0.2622495972339187,0.29529776326872903,8.368988369076505e-238,65276
py,8,has_any_young_library,FWCI,0.08058982895667324,0.04688801600231978,0.1142916419110267,2.7797110593345634e-6,65276
r,8,frac_young_libraries_z,FWCI,-0.12882001169241195,-0.17376146671234244,-0.08387855667248147,1.985580349548144e-8,8136
r,8,has_any_young_library,FWCI,-0.3132435346185648,-0.43525513990880016,-0.19123192932832944,4.942095619280123e-7,8136
cross-ecosystem,9,frac_young_libraries_z,FWCI,-0.06364215074260265,-0.17677770823620925,0.04949340675100394,0.27008409613788104,2199
cross-ecosystem,9,has_any_young_library,FWCI,0.1174571385269636,-0.33857651370624053,0.5734907907601677,0.6135450004364497,2199
py,9,frac_young_libraries_z,FWCI,0.27858394400696607,0.2617613046496888,0.29540658336424336,2.8498259315240403e-229,65276
py,9,has_any_young_library,FWCI,0.0005760882302524063,-0.03825792684674004,0.039410103307244856,0.976804162356878,65276
r,9,frac_young_libraries_z,FWCI,-0.21298951635059812,-0.2527096824496764,-0.17326935025151985,1.1181929741573735e-25,8136
r,9,has_any_young_library,FWCI,-0.361326644634214,-0.5304850928656728,-0.19216819640275512,0.000028545314633461424,8136
cross-ecosystem,10,frac_young_libraries_z,FWCI,-0.16348857209243342,-0.262404127185598,-0.06457301699926883,0.0012079583401771342,2199
cross-ecosystem,10,has_any_young_library,FWCI,0.23584127027265817,-0.3247542892323259,0.7964368297776423,0.4094568692884763,2199
py,10,frac_young_libraries_z,FWCI,0.1800377726552575,0.1633819699551121,0.1966935753554029,2.7661486088756794e-99,65276
py,10,has_any_young_library,FWCI,-0.012905200243437154,-0.05803577541030304,0.03222537492342872,0.575162886277385,65276
r,10,frac_young_libraries_z,FWCI,-0.26466279167274526,-0.2997295654700627,-0.22959601787542783,6.817267400929455e-49,8136
r,10,has_any_young_library,FWCI,-0.4439294622451135,-0.6812670283621243,-0.20659189612810266,0.0002473918026102537,8136
