document_repository_link_id,document_id,repository_id,document_url,repository_url,predictive_model_confidence,label
437660,430462,424476,https://doi.org/10.1093/gji/ggy072,https://github.com/konn/satysfi-steamer,0.5035421848297119,
408794,401723,395610,https://doi.org/10.1002/hbm.25988,https://github.com/harangju/woh-whitepaper,0.506152331829071,
496625,489381,483441,https://doi.org/10.1109/igarss.2016.7729312,https://github.com/thomasyu888/beatamlfacet,0.507718563079834,
272339,265426,259155,https://doi.org/10.1145/3587103.3594165,https://github.com/dodona-edu/judge-assembly,0.5239893198013306,
402738,395694,389554,https://doi.org/10.1016/j.msea.2017.07.013,https://github.com/thomashsimm/dpp,0.524255633354187,
412304,405207,399120,https://doi.org/10.1049/icp.2021.1946,https://github.com/uq-at-paris-saclay/uq-at-paris-saclay.github.io,0.5289025902748108,
222704,215914,209520,https://doi.org/10.48550/arxiv.2012.03806,https://github.com/fgolemo/cube-stacking,0.5345090627670288,
421829,414656,408645,https://doi.org/10.1145/3310165.3310166,https://github.com/obonaventure/cnp3-inginious,0.5401557683944702,
364750,357709,351566,https://doi.org/10.3389/fmicb.2019.00136,https://github.com/dib-lab/q2-sourmash,0.5528123378753662,
483637,476407,470453,https://doi.org/10.48550/arxiv.2201.13020,https://github.com/disheng222/test,0.5531507134437561,
406916,399865,393732,https://doi.org/10.48550/arxiv.2307.12471,https://github.com/jeshraghian/esscirc23-os-neuromorphic-tutorial,0.5609899759292603,
410027,402946,396843,https://doi.org/10.3389/fgene.2020.531218,https://github.com/finnlindgren/proj6inla200618,0.5612173676490784,
336095,329067,322911,https://doi.org/10.1109/cleo/europe-eqec65582.2025.11111500,https://github.com/mikulus6/engineering-thesis,0.5643681287765503,
444025,436818,430841,https://doi.org/10.1140/epjds/s13688-020-00252-9,https://github.com/tomthe/socsim,0.5717158913612366,
214395,207638,201211,https://doi.org/10.15398/jlm.v9i1.262,https://github.com/heinz-jeffrey/bufia,0.5824643969535828,
419813,412651,406629,https://doi.org/10.1103/physrevlett.114.185701,https://github.com/aamaricci/trans,0.5875131487846375,
308730,301747,295546,https://doi.org/10.1038/s41596-021-00588-0,https://github.com/shimming-toolbox/shimming-toolbox,0.5884652733802795,
273938,267023,260754,https://doi.org/10.5467/jkess.2018.39.1.103,https://github.com/ohsai/flappybot_pytorch,0.5917066335678101,
456115,448902,442931,https://doi.org/10.1109/netsoft51509.2021.9492554,https://github.com/crotsos/libmicrohttpd,0.5917462706565857,
242246,235410,229062,https://doi.org/10.1109/icst.2019.00032,https://github.com/xdevroey/workbook-algorithmic,0.598962128162384,
422010,414836,408826,https://doi.org/10.1016/j.bpj.2019.11.2907,https://github.com/csoeller/pyme-install-docs,0.6056019067764282,
402732,395688,389548,https://doi.org/10.48580/dgjzh,https://github.com/kccggenometechlab/hpc-workflow-wrappers,0.6077529788017273,
270528,263621,257344,https://doi.org/10.1002/cyto.a.24514,https://github.com/butkej/simple-image-clustering,0.6239577531814575,
396869,389826,383685,https://doi.org/10.1101/2023.08.29.555186,https://github.com/kmayerb/estimate_radius,0.6404394507408142,
214431,207674,201247,https://doi.org/10.1039/d2cy01841a,https://github.com/hit-wanglingtao/cmunet,0.6419491171836853,
240257,233426,227073,https://doi.org/10.48550/arxiv.2402.12668,https://github.com/norahellstadius/interpretable_models,0.6507399678230286,
307405,300426,294221,https://doi.org/10.1117/12.2655702,https://github.com/99991/npclip,0.6515687108039856,
445096,437889,431912,https://doi.org/10.1093/mnras/stae2237,https://github.com/theo-oneill/perch,0.6540729999542236,
483649,476419,470465,https://doi.org/10.11648/j.iedu.20260101.15,https://github.com/kentrachmat/paper2codabench-poc,0.6545993089675903,
221593,214806,208409,https://doi.org/10.14778/3484224.3484239,https://github.com/openml/blog,0.6562129855155945,
410572,403488,397388,https://doi.org/10.48550/arxiv.2211.07049,https://github.com/callang258/project_vast_fink,0.659268319606781,
419799,412637,406615,https://doi.org/10.1038/s41597-024-03390-1,https://github.com/alexisthual/brain-cockpit-deployment,0.6593753695487976,
361630,354589,348446,https://doi.org/10.5194/egusphere-egu25-12284,https://github.com/ushham/lphys2114,0.6613309979438782,
407608,400552,394424,https://doi.org/10.1051/0004-6361/201323013,https://github.com/zooniverse/brand,0.6650396585464478,
496914,489670,483730,https://doi.org/10.1109/jsac.2023.3345395,https://github.com/superboysb/awesome-mobile-crowdsensing,0.6784355044364929,
408908,401836,395724,https://doi.org/10.31223/x5b18w,https://github.com/weecology/deepforest-pretrain,0.6825017929077148,
268621,261716,255437,https://doi.org/10.48550/arxiv.2012.04532,https://github.com/zshan0/zeesh,0.6892077326774597,
335147,328120,321963,https://doi.org/10.48550/arxiv.1910.07012,https://github.com/ealcobaca/pymfe,0.6941788196563721,
455906,448693,442722,https://doi.org/10.1186/s13054-016-1432-0,https://github.com/andreamattavelli/sbes-experiments,0.6946530342102051,
438742,431543,425558,https://doi.org/10.1017/s1743921316005482,https://github.com/jellis18/pal2,0.6968555450439453,
330346,323326,317162,https://doi.org/10.48550/arxiv.1912.09992,https://github.com/galacticusorg/rockstar2galacticus,0.7080603837966919,
484128,476898,470944,https://doi.org/10.3390/en17174199,https://github.com/kvnyng/insta-plus-plus,0.7096651792526245,
422586,415410,409402,https://doi.org/10.1002/ecy.3906,https://github.com/erdagnese/nextgennepa,0.7112523317337036,
239808,232978,226624,https://doi.org/10.1021/acs.jctc.5b00212,https://github.com/bayesian-optimization/bayesianoptimization,0.7204144597053528,
457226,450013,444042,https://doi.org/10.48550/arxiv.1909.08096,https://github.com/streamjoin/web-medilot-tech,0.7246738076210022,
445805,438598,432621,https://doi.org/10.1002/9781119603627.ch31,https://github.com/edoardogiacomello/distributedlearningframework,0.7255936861038208,
354080,347039,340896,https://doi.org/10.1016/b978-0-443-28947-7.00003-3,https://github.com/rmjiang7/ft-lab,0.7390373349189758,
304509,297539,291325,https://doi.org/10.1007/978-3-030-01449-0_16,https://github.com/dalejn/7t-cos-hippocampal-subfields,0.74685138463974,
212469,205715,199285,https://doi.org/10.1016/j.jpha.2025.101325,https://github.com/odinzhang/causal-delete,0.7481659650802612,
268374,261469,255190,https://doi.org/10.1007/s11433-025-2801-6,https://github.com/guoxiliu/paraview-sz3reader,0.7661746740341187,
497175,489931,483991,https://doi.org/10.1371/journal.pone.0255486,https://github.com/rkapr/umami,0.7720377445220947,
439550,432350,426366,https://doi.org/10.17023/r96a-zh25,https://github.com/gracesevillano/rospersp2equi,0.7750641703605652,
407018,399965,393834,https://doi.org/10.1016/j.patcog.2021.108263,https://github.com/neural-structured-additive-learning/deepregression,0.7773326635360718,
419628,412468,406444,https://doi.org/10.1093/aje/kwab245,https://github.com/lucymcgowan/teaching-in-coronavirus-era,0.7787625193595886,
409490,402414,396306,https://doi.org/10.1093/jxb/ery318,https://github.com/tzuhsial/edgar-10k-mda,0.7788670063018799,
387429,380386,374245,https://doi.org/10.1007/978-3-319-10404-1_3,https://github.com/unidesigner/groundtruth-drosophila-vnc,0.7807746529579163,
219664,212886,206480,https://doi.org/10.48550/arxiv.2512.17416,https://github.com/rationai/prostate-cancer,0.7820433378219604,
270149,263242,256965,https://doi.org/10.1103/physrevd.96.122003,https://github.com/adundovi/clibrarian,0.7863580584526062,
402482,395438,389298,https://doi.org/10.1186/s13059-021-02261-x,https://github.com/goekelab/bambu,0.7939921617507935,
393412,386369,380228,https://doi.org/10.2307/jj.9692690.20,https://github.com/langtonhugh/bbc_scrape,0.7966541647911072,
214037,207280,200853,https://doi.org/10.1098/rsta.2019.0335,https://github.com/pints-team/smc,0.8041324019432068,
398025,390982,384841,https://doi.org/10.31234/osf.io/y57z3,https://github.com/debruine/debruine,0.8177170753479004,
421853,414680,408669,https://doi.org/10.1093/mnras/stad812,https://github.com/rossjjennings/cycfold,0.8316570520401001,
266960,260057,253776,https://doi.org/10.3390/ijgi10080549,https://github.com/qimaqi/color_net,0.8369594216346741,
268777,261872,255593,https://doi.org/10.48550/arxiv.2504.05097,https://github.com/fla-org/flame,0.8475666046142578,
457475,450262,444291,https://doi.org/10.3389/fimmu.2025.1505195,https://github.com/jonathanlyj/parallel_metadata,0.8481324911117554,
418735,411584,405551,https://doi.org/10.1177/0962280215623583,https://github.com/ehrlinger/hazard,0.8486190438270569,
484274,477044,471090,https://doi.org/10.18653/v1/2022.bea-1.1,https://github.com/ga642381/neurips2021-sas-react,0.8537166714668274,
393332,386289,380148,https://doi.org/10.1080/11956860.2025.2495427,https://github.com/icrichmond/csee2025-presentation,0.8580516576766968,
497349,490105,484165,https://doi.org/10.21608/ejhc.2023.320739,https://github.com/simulationeverywhere-models/cdpp-hepatitisb-virus,0.8650045394897461,
441377,434174,428193,https://doi.org/10.1109/ipdpsw.2018.00065,https://github.com/janbuchar/mt,0.8660889267921448,
447286,440078,434102,https://doi.org/10.1007/978-3-030-77977-1_40,https://github.com/arabnejad/hidalgo_facs_blueprint,0.8673774600028992,
239544,232715,226360,https://doi.org/10.48550/arxiv.2012.09579,https://github.com/sztoor/model_serving,0.8677200675010681,
303153,296184,289969,https://doi.org/10.1109/iros.2016.7759089,https://github.com/miccol/ros-behavior-tree,0.8730966448783875,
329679,322663,316495,https://doi.org/10.48550/arxiv.2406.18760,https://github.com/lombardata/lombardata,0.874699056148529,
380911,373868,367727,https://doi.org/10.1007/978-3-030-52240-7_57,https://github.com/geiser/learning-analytics-camaleon,0.8758643269538879,
220430,213650,207246,https://doi.org/10.1007/978-3-031-21756-2_31,https://github.com/weiglemc/weiglemc.github.io,0.876502275466919,
386171,379128,372987,https://doi.org/10.1093/cercor/bhab281,https://github.com/emptymalei/deep-learning,0.8810945749282837,
405539,398493,392355,https://doi.org/10.1093/nar/gks1174,https://github.com/ebibiosamples/core_model,0.8818696737289429,
351346,344306,338162,https://doi.org/10.48550/arxiv.2507.18104,https://github.com/berthashipper/algonauts-dsi,0.8892053961753845,
402780,395736,389596,https://doi.org/10.1096/fasebj.2018.32.1_supplement.620.1,https://github.com/combine-org/annotations,0.9169260263442993,
358772,351731,345588,https://doi.org/10.3389/fnins.2023.1155750,https://github.com/cogcommscience-lab/method_counter,0.931992769241333,
439631,432431,426447,https://doi.org/10.1051/e3sconf/202126701058,https://github.com/paddlepaddle/paddle_upgrade_tool,0.9545872211456299,
216726,209959,203542,https://doi.org/10.1117/12.2580288,https://github.com/azurehappen/rinex_nav_obs_parser,0.9618808627128601,
446057,438850,432873,https://doi.org/10.64628/aai.xke3unrsv,https://github.com/phui/tweet_redis,0.9634555578231812,
371053,364011,357869,https://doi.org/10.1101/2021.06.25.449758,https://github.com/frequency-tagging/freq-tag,0.9687711596488953,
376002,368959,362818,https://doi.org/10.20944/preprints202002.0242.v2,https://github.com/callsobing/tci-gene-sandbox,0.9717631340026855,
362553,355512,349369,https://doi.org/10.1016/j.celrep.2021.109797,https://github.com/lifs-tools/goslin-webapp,0.9769092202186584,
233346,226532,220162,https://doi.org/10.1145/3449726.3459442,https://github.com/agb1n19/planar_metacmaes,0.9788013100624084,
396912,389869,383728,https://doi.org/10.1002/alz.065232,https://github.com/christinasuntong/ma-679-pt-project,0.9928610920906067,
498312,491067,485128,https://doi.org/10.5194/egusphere-egu25-16383,https://github.com/kul-rsda/regionalac_py,0.9957700371742249,
211129,204379,197945,https://doi.org/10.31219/osf.io/ujxp6,https://github.com/nipreps/smriprep,0.9972611665725708,
336071,329043,322887,https://doi.org/10.1158/1538-7445.am2024-1965,https://github.com/profyliu/cubrif,0.9979731440544128,
367673,360631,354489,https://doi.org/10.1137/23m1573653,https://github.com/adedner/dune-vem,0.9983556866645813,
257865,250990,244681,https://doi.org/10.1162/evco_a_00285,https://github.com/galdeia/experiments-itea-paper,0.9994639754295349,
457059,449846,443875,https://doi.org/10.1523/jneurosci.2421-13.2014,https://github.com/tbekolay/jneurosci2013-bts,0.999686598777771,
259367,252484,246183,https://doi.org/10.48550/arxiv.2305.10519,https://github.com/dqxiu/kassess,0.9997250437736511,
291084,284132,277900,https://doi.org/10.1609/aaai.v39i3.32243,https://github.com/znchen666/fico,0.9997496008872986,
481923,474694,468739,https://doi.org/10.1109/cvpr42600.2020.01010,https://github.com/zfchenunique/cops-ref,0.9997511506080627,
316588,309591,303404,https://doi.org/10.1038/s41524-024-01381-9,https://github.com/chenebuah/lcmgm,0.9997572302818298,
